id,作成日,更新日,発送日,商品,住所,氏名,電話,アドレス,性別,年齢
10,2019-07-10 03:04:19 UTC,2019-07-10 03:04:19 UTC,,"[{""id"":""14"",""syomei"":""たけくらべ"",""hontai"":""1900"",""suryo"":""2""},{""id"":""13"",""syomei"":""羅生門"",""hontai"":""1500"",""suryo"":""1""},[3,5300,5724]]",〒169-0073東京都新宿区百人町2-4-5-607,小倉　実,03-5348-1283,guraogumogu@yahoo.co.jp,男性,26
11,2019-07-10 04:23:37 UTC,2019-07-18 06:39:48 UTC,,"[{""id"":""14"",""syomei"":""たけくらべ"",""hontai"":""1900"",""suryo"":""1""},[2,3800,4104]]",〒169-0073東京都新宿区百人町2-4-5-607,小倉　実,03-5348-1283,guraogumogu@yahoo.co.jp,男性,26
12,2019-07-11 05:16:43 UTC,2019-07-11 05:16:43 UTC,,"[{""id"":""14"",""syomei"":""たけくらべ"",""hontai"":""1900"",""suryo"":""2""},{""id"":""14"",""syomei"":""たけくらべ"",""hontai"":""1900"",""suryo"":""1""},[3,5700,6156]]",〒169-0073東京都新宿区百人町2-4-5-607,小倉　実,03-5348-1283,guraogumogu@yahoo.co.jp,男性,26
13,2019-07-16 08:56:19 UTC,2019-07-16 08:56:19 UTC,,"[{""id"":""14"",""syomei"":""たけくらべ"",""hontai"":""1900"",""suryo"":""2""},{""id"":""13"",""syomei"":""羅生門"",""hontai"":""1500"",""suryo"":""1""},[3,5300,5724]]",〒169-0073東京都新宿区百人町2-4-5-607,オモドック出版局,03-5348-1283,school2@omodok.co.jp,男性,29
14,2019-07-17 07:35:40 UTC,2019-07-17 07:35:40 UTC,,"[{""id"":""14"",""syomei"":""たけくらべ"",""hontai"":""1900"",""suryo"":""2""},{""id"":""13"",""syomei"":""羅生門"",""hontai"":""1500"",""suryo"":""1""},[3,5300,5724]]",〒169-0073東京都新宿区百人町2-4-5-607,小倉　実,03-5348-1283,guraogumogu@yahoo.co.jp,男性,20
15,2019-07-17 07:40:23 UTC,2019-07-17 07:40:23 UTC,,"[{""id"":""14"",""syomei"":""たけくらべ"",""hontai"":""1900"",""suryo"":""5""},[5,9500,10260]]",〒169-0073東京都新宿区百人町2-4-5-607,小倉　実,03-5348-1283,guraogumogu@yahoo.co.jp,男性,20
16,2019-07-17 07:47:26 UTC,2019-07-17 07:47:26 UTC,,"[{""id"":""14"",""syomei"":""たけくらべ"",""hontai"":""1900"",""suryo"":""5""},[5,9500,10260]]",〒169-0073東京都新宿区百人町2-4-5-607,小倉　実,03-5348-1283,guraogumogu@yahoo.co.jp,男性,20
17,2019-07-17 07:55:02 UTC,2019-07-17 07:55:02 UTC,,"[{""id"":""14"",""syomei"":""たけくらべ"",""hontai"":""1900"",""suryo"":""3""},[3,5700,6156]]",〒169-0073東京都新宿区百人町2-4-5-607,小倉　実,03-5348-1283,guraogumogu@yahoo.co.jp,男性,20
18,2019-07-17 07:57:37 UTC,2019-07-17 07:57:37 UTC,,"[{""id"":""14"",""syomei"":""たけくらべ"",""hontai"":""1900"",""suryo"":""3""},[3,5700,6156]]",〒169-0073東京都新宿区百人町2-4-5-607,小倉　実,03-5348-1283,guraogumogu@yahoo.co.jp,男性,20
19,2019-07-17 08:06:46 UTC,2019-07-17 08:06:46 UTC,,"[{""id"":""14"",""syomei"":""たけくらべ"",""hontai"":""1900"",""suryo"":""3""},[3,5700,6156]]",〒169-0073東京都新宿区百人町2-4-5-607,小倉　実,03-5348-1283,guraogumogu@yahoo.co.jp,男性,20
